{
  "__type__": "cc.SpriteFrame",
  "content": {
    "name": "font",
    "atlas": "",
    "rect": {
      "x": 0,
      "y": 0,
      "width": 356,
      "height": 356
    },
    "offset": {
      "x": -0.5,
      "y": 0.5
    },
    "originalSize": {
      "width": 357,
      "height": 357
    },
    "rotated": false,
    "capInsets": [
      0,
      0,
      0,
      0
    ],
    "vertices": {
      "rawPosition": [
        -178,
        -178,
        0,
        178,
        -178,
        0,
        -178,
        178,
        0,
        178,
        178,
        0
      ],
      "indexes": [
        0,
        1,
        2,
        2,
        1,
        3
      ],
      "uv": [
        0,
        357,
        356,
        357,
        0,
        1,
        356,
        1
      ],
      "nuv": [
        0,
        0.0028011204481792717,
        0.9971988795518207,
        0.0028011204481792717,
        0,
        1,
        0.9971988795518207,
        1
      ],
      "minPos": {
        "x": -178,
        "y": -178,
        "z": 0
      },
      "maxPos": {
        "x": 178,
        "y": 178,
        "z": 0
      }
    },
    "texture": "4bc10f72-76d9-4421-9ba2-d5787f536780@6c48a",
    "packable": true,
    "pixelsToUnit": 100,
    "pivot": {
      "x": 0.5,
      "y": 0.5
    },
    "meshType": 0
  }
}